{
    "build": {
      "production": {
        "distribution": "store",
        "ios": {
          "simulator": false
        },
        "android": {
          "gradleCommand": ":app:bundleRelease"
        }
      },
      "development": {
        "distribution": "internal",
        "developmentClient": true,

        "ios": {
          "simulator": false
        },
        "android": {
          "gradleCommand": ":app:assembleDebug"
        }
      }
    },
    "cli": {
      "version": ">=0.47.0"
    }
  }
